,0,1,labels
0,-14.641810230557695,3.271700577868465,Cats
1,-14.289900617697551,3.404136282667835,Cats
2,-14.708295851396496,3.4032489441957328,Cats
3,-14.580714544956546,3.268933256580448,Cats
4,-14.269322100135682,3.3422954477429556,Cats
5,-14.85707435591178,3.0951069272004297,Cats
6,-14.646890851987983,2.8250249064007242,Cats
7,-14.873639229324802,3.372954399927579,Cats
8,-14.824889094102316,3.386514433827255,Cats
9,-14.630345633388197,3.0337370537489434,Cats
10,-14.363415311117857,2.9100338985422773,Cats
11,-14.724376008526315,3.1937212580070193,Cats
12,-14.626136323402541,2.9564680653771767,Cats
13,-14.74996604422039,3.052027348986279,Cats
14,-14.319469726047881,2.9297320733110537,Cats
15,-14.83079857095479,2.9809557182826794,Cats
16,-14.892636602958191,2.9813035359188547,Cats
17,-14.872005473809828,3.31200510856575,Cats
18,-14.925622583418056,3.213779152226383,Cats
19,-14.682818879105342,3.111003491153493,Cats
20,-14.735799989081702,3.0174174922129495,Cats
21,-14.52748470931495,2.7349681965596684,Cats
22,-14.517970483730497,3.1212194881205084,Cats
23,-14.58410058011475,3.107479337035061,Cats
24,-14.572179461640824,3.4879201229930334,Cats
25,-14.79980978423931,3.165962408805644,Cats
26,-14.93829852391433,3.2636223320677384,Cats
27,-14.59552845137204,3.0363680617468667,Cats
28,-14.319897691320783,3.260756434765783,Cats
29,-14.70396933017933,3.0165957184645507,Cats
30,-14.431647680838585,2.74201452125671,Cats
31,-14.366349883803654,2.859048418833403,Cats
32,-14.637413580076279,3.18935697882603,Cats
33,-14.642878282997106,3.104471849316809,Cats
34,-15.017581330327417,2.537932383959589,Cats
35,-15.017581330327417,2.537932383959589,Cats
36,-17.506628244980853,2.754210740376248,Cats
37,-14.497302800006178,3.2274072401574676,Cats
38,-14.497302800006178,3.2274072401574676,Cats
39,-14.597800894673266,2.97994410289194,Cats
40,-14.597800894673266,2.97994410289194,Cats
41,-14.688397530788077,3.578410039011274,Cats
42,-14.688397530788077,3.578410039011274,Cats
43,-15.340067542382362,3.530507327115827,Cats
44,-15.340067542382362,3.530507327115827,Cats
45,-14.005803709880029,2.66915205608017,Cats
46,-14.005803709880029,2.66915205608017,Cats
47,-12.366099921728926,4.593068466005795,Cats
48,-14.767799326614618,3.2885228426041913,Cats
49,-14.767799326614618,3.2885228426041913,Cats
50,-14.12883617742015,2.7961803588942793,Cats
51,-14.12883617742015,2.7961803588942793,Cats
52,-15.127751565347305,3.284813334608046,Cats
53,-15.127751565347305,3.284813334608046,Cats
54,-14.86858383759575,3.006128357562541,Cats
55,-14.86858383759575,3.006128357562541,Cats
56,-14.880373523218516,2.9755240871210518,Cats
57,-14.880373523218516,2.9755240871210518,Cats
58,-13.807426863980407,1.7604781698696845,Cats
59,-14.828533483294772,3.067748622923317,Cats
60,-14.828533483294772,3.067748622923317,Cats
61,-14.585565204417646,3.6212023774308926,Cats
62,-14.585565204417646,3.6212023774308926,Cats
63,-14.474239792666507,2.344532091075312,Cats
64,-14.794023260584765,3.3163261678339717,Cats
65,-14.794023260584765,3.3163261678339717,Cats
66,-14.438145674267483,3.311736097670513,Cats
67,-14.438145674267483,3.311736097670513,Cats
68,-15.142067471286913,3.522238502535525,Cats
69,-13.409916528101054,3.148668441993629,Cats
70,-15.142067471286913,3.522238502535525,Cats
71,-15.214201977850536,2.6872850770645202,Cats
72,-15.214201977850536,2.6872850770645202,Cats
73,-14.761293174913224,2.9747501822383136,Cats
74,-14.761293174913224,2.9747501822383136,Cats
75,-14.892544970030757,3.1882757419808447,Cats
76,-14.892544970030757,3.1882757419808447,Cats
77,-14.290776575206152,2.9125640112002245,Cats
78,-14.290776575206152,2.9125640112002245,Cats
79,-14.6135559833343,3.7226245573389143,Cats
80,-16.08608897528091,5.462588883607874,Cats
81,-14.6135559833343,3.7226245573389143,Cats
82,-14.461180739450059,2.4885414782232527,Cats
83,-15.708714178604666,3.342964783951654,Cats
84,-14.624136912867401,2.8087447031620343,Cats
85,-14.997167705261006,3.5222159127056702,Cats
86,-14.354979705100307,2.48976475222819,Cats
87,-14.816112159699005,3.4967011063795788,Cats
88,-14.10001095208349,2.756020726314053,Cats
89,-14.553624453672267,3.2176094070534704,Cats
90,-15.062553578522763,3.230384778702266,Cats
91,-14.07888427691611,1.8105717897715135,Cats
92,-14.863210935373466,3.130752716578069,Cats
93,-15.009540524163398,3.0452866873053104,Cats
94,-15.20234984258938,3.657227349142522,Cats
95,-14.282080536565974,3.925380961777404,Cats
96,-14.54159638157824,3.0266026134357333,Cats
97,-14.395758779397852,2.4611937050647597,Cats
98,-15.390107084036824,3.760751684298596,Cats
99,-14.199457074263485,2.316275881325822,Cats
100,-14.746434958170617,3.2507168092665957,Cats
101,-14.655047322042332,3.4086533604176132,Cats
102,-12.398375910704873,3.1224205058827215,Cats
103,-15.122417711935018,3.136474412000057,Cats
104,-14.360397831325873,2.916319358632112,Cats
105,-15.245290311549141,3.7389105392128954,Cats
106,-14.382463670932058,1.9288401659194019,Cats
107,-14.533401803151971,3.748655794157754,Cats
108,-15.584610141180846,2.6701014196798702,Cats
109,-14.830097799415906,3.9844593796171335,Cats
110,-14.324054588489387,3.4707264851741257,Cats
111,-14.922672524868414,2.273207093422627,Cats
112,-14.40473903090497,4.054874099505145,Cats
113,-19.24087904998613,2.4702027963393647,Cats
114,-15.243929616577248,3.3119176525895586,Cats
115,-14.70023983189892,2.484867321960892,Cats
116,-14.825167277192396,4.364282059869524,Cats
117,-14.36688897542211,1.409777763057015,Cats
118,-15.479703723446349,3.4770693552117997,Cats
119,-13.490761494207312,3.9196369007368386,Cats
120,-15.755830393821746,2.0156131092436134,Cats
121,-13.635640006423296,3.8481519508908963,Cats
122,-15.4145100073393,1.5237593272412742,Cats
123,-13.399355960648153,4.006530370155548,Cats
124,-14.354316469377885,4.471331008605619,Cats
125,-15.91988412377292,2.874347551475454,Cats
126,-15.883013657088373,3.2971309617712015,Cats
127,-16.029412020960372,3.597512685630963,Cats
128,-13.823630242081364,0.6336533656098196,Cats
129,-13.708755960292276,4.660894271883842,Cats
130,-15.043366562025763,4.578192982216789,Cats
131,-13.892274731591739,2.199656201789389,Cats
132,-15.136283209494955,3.4459312823684076,Cats
133,-17.3625830246811,2.125320046964495,Cats
134,-13.996649935101164,4.367961563447644,Cats
135,-11.634700816490447,2.3251519559606155,Cats
136,-14.729917900923528,4.37783510478972,Cats
137,-13.690110434041994,1.7023345970589918,Cats
138,-14.54089634235003,3.2535000449768194,Cats
139,-15.858595390310073,3.6198242971144126,Cats
140,-12.937666708930598,3.3564274427659346,Cats
141,-14.700218194151766,3.2623062403689844,Cats
142,-14.062530481016253,2.5861891032730124,Cats
143,-12.667882587814626,6.380409727186247,Cats
144,-14.797438339628314,-0.035128970109737256,Cats
145,-13.335649707273769,7.3834128362410585,Cats
146,-14.508311082715924,3.972147343996401,Cats
147,-18.021555754942145,-0.2039383658403895,Cats
148,-17.861823136450788,0.9123470279597341,Cats
149,-15.228278524082802,-0.6382928760822079,Cats
150,-15.15735267731852,1.936885546514275,Cats
151,-16.068466214936215,6.8651078286298235,Cats
152,-12.53823242400691,4.23444598690321,Cats
153,-14.008862744341467,0.816120068028837,Cats
154,-16.78939705846023,3.9028131867106874,Cats
155,-14.936205585437074,1.323878322550808,Cats
156,-15.035215206689463,5.286304081568558,Cats
157,-13.458813245823718,2.8762408104116695,Cats
158,-13.516096467088751,5.183741664224502,Cats
159,-14.987738392080109,3.700844961099353,Cats
160,-14.512354470759288,-0.0364401689743854,Cats
161,-16.260977196248852,6.780577195968176,Cats
162,-12.668742425134333,4.4757029876738486,Cats
163,-16.871218133367297,2.335764916314119,Cats
164,-11.394798686025503,4.698839114146759,Cats
165,-16.60223675444546,2.1624557680892362,Cats
166,-15.067465625162775,-0.009618345995013655,Cats
167,-16.349915568409287,1.7390973896080872,Cats
168,-14.441301700556004,4.774910529214296,Cats
169,-17.97238084092486,2.0567343886254204,Cats
170,-14.717387914648679,1.6009538247642006,Cats
171,-11.401336634052303,6.364029343026221,Cats
172,-17.67279091295009,0.8529777468184392,Cats
173,-16.221573859249858,2.7057349049751522,Cats
174,-12.967093310336992,4.876753171163687,Cats
175,-13.608805518321464,2.8027352029575905,Cats
176,-15.411365247316343,6.621591414935132,Cats
177,-9.820930798098045,0.036746568433924764,Cats
178,-20.65024720609147,4.922680522018336,Cats
179,-14.115489880385198,3.5769544247022633,Cats
180,-10.613560174802597,3.562475795847993,Cats
181,-13.108413780966984,2.12439287057129,Cats
182,-15.202828335508038,5.291736269845183,Cats
183,-14.06305676902221,0.6830136321102653,Cats
184,-16.902398878117125,3.631738641347713,Cats
185,-14.679083237563956,2.2092296024497227,Cats
186,-18.60276590614285,4.245974205075365,Cats
187,-10.96280794230373,2.0125621637559235,Cats
188,-13.474958498163263,5.366098087341589,Cats
189,-17.466775343118726,2.175146444227492,Cats
190,-12.941681236009371,-2.1834739855510765,Cats
191,-13.978623290134951,3.4547138248135063,Cats
192,-12.138304331510533,5.18918630920985,Cats
193,-17.206836776017198,4.243581424778807,Cats
194,-13.963718594759998,1.5930487554037391,Cats
195,-12.592382010947295,2.2788545818181376,Cats
196,-20.107470838823772,0.6877410831325577,Cats
197,-14.194936616097625,4.464697630979922,Cats
198,-10.921593580080605,5.5787396487049,Cats
199,-17.1275655530482,3.3894047380006977,Cats
200,-15.015137327274028,6.576400701994432,Cats
201,-11.445543481142172,2.044297103204592,Cats
202,-18.53844059861825,2.148653319026293,Cats
203,-17.1522802374018,3.86281266144659,Cats
204,-15.639313790659196,4.043183540261854,Cats
205,-17.639849206230927,4.1034052899370455,Cats
206,-12.728271388689308,4.043651908838452,Cats
207,-14.713672231556595,1.8009148302097522,Cats
208,-12.155763283953803,1.4445487930362617,Cats
209,-14.460863325805885,2.751672705791819,Cats
210,-16.17320891309811,0.8228694489235284,Cats
211,-13.370178903262392,3.2016266295822824,Cats
212,-16.525930464436644,5.920930121130903,Cats
213,-10.207237393439003,3.342447806922756,Cats
214,-13.710175931070825,4.032805525040455,Cats
215,-17.312890609257536,3.963888082695126,Cats
216,-14.284022506577452,2.4655666266131213,Cats
217,-12.86645892736388,2.89565679297384,Cats
218,-17.50142363435257,2.6781611078082896,Cats
219,-15.224117065412145,-0.2596385832912631,Cats
220,-12.18873628907543,4.7087073234974826,Cats
221,-14.963568836232318,4.365712685311591,Cats
222,-14.343118073440104,2.7524101483165033,Cats
223,-11.592618429534177,3.455671474000237,Cats
224,-17.495984150490678,3.998419506538001,Cats
225,-17.88988023831624,2.547961219090836,Cats
226,-13.556505904497431,2.6880963083371676,Cats
227,-13.556505904497431,2.6880963083371676,Cats
228,-16.906861981662956,5.190903361738129,Cats
229,-16.906861981662956,5.190903361738129,Cats
230,-14.245361843209063,2.1948198921562647,Cats
231,-14.245361843209063,2.1948198921562647,Cats
232,-14.341141712229032,1.7795780393448686,Cats
233,-14.341141712229032,1.7795780393448686,Cats
234,-14.179529551979492,4.631577139825967,Cats
235,-15.23850299861532,2.68634899857331,Cats
236,-14.179529551979492,4.631577139825967,Cats
237,-14.979070005164594,2.7319247485624967,Cats
238,-14.979070005164594,2.7319247485624967,Cats
239,-14.51879957602771,2.3798175117946574,Cats
240,-14.51879957602771,2.3798175117946574,Cats
241,-16.22458999555296,3.698224966236011,Cats
242,-16.22458999555296,3.698224966236011,Cats
243,-12.57279336855407,3.023170196789007,Cats
244,-12.57279336855407,3.023170196789007,Cats
245,-15.6812249677213,2.664396016441369,Cats
246,-12.153384454438324,4.614748783461824,Cats
247,-15.6812249677213,2.664396016441369,Cats
248,-14.833994624597477,2.892194423887938,Cats
249,-14.833994624597477,2.892194423887938,Cats
250,-16.109199498430183,2.4835415538669983,Cats
251,-16.109199498430183,2.4835415538669983,Cats
252,-14.189442864745335,3.99519281662508,Cats
253,-14.189442864745335,3.99519281662508,Cats
254,-14.401064568874524,3.5935318292356153,Cats
255,-14.401064568874524,3.5935318292356153,Cats
256,-14.25098556526056,2.742117893409382,Cats
257,-13.80631732736179,3.965687259814188,Cats
258,-16.9580140166986,3.15787615586075,Cats
259,-14.25098556526056,2.742117893409382,Cats
260,-15.302168486570475,3.2846406822277388,Cats
261,-15.302168486570475,3.2846406822277388,Cats
262,-14.084258328584852,3.584679890087098,Cats
263,-14.084258328584852,3.584679890087098,Cats
264,-15.098643956966749,4.365432964241582,Cats
265,-15.098643956966749,4.365432964241582,Cats
266,-15.207241021586448,1.600193791809934,Cats
267,-15.207241021586448,1.600193791809934,Cats
268,-14.61378012593559,3.7531229183351553,Cats
269,-16.644026158870407,3.316515960413941,Cats
270,-14.61378012593559,3.7531229183351553,Cats
271,-13.309525147754556,3.5322007223592475,Cats
272,-13.309525147754556,3.5322007223592475,Cats
273,-15.316830629422189,3.2635000890955888,Cats
274,-15.316830629422189,3.2635000890955888,Cats
275,-16.062884545076297,1.5656805006340753,Cats
276,-16.062884545076297,1.5656805006340753,Cats
277,-13.914589650409354,3.8933644703889154,Cats
278,-13.914589650409354,3.8933644703889154,Cats
279,-14.89582524930466,4.446687161916928,Cats
280,-12.237616507865468,2.112033370224011,Cats
281,-14.89582524930466,4.446687161916928,Cats
282,-15.826118098453865,2.67192019709253,Cats
283,-15.826118098453865,2.67192019709253,Cats
284,-13.109807918063707,1.156329391192485,Cats
285,-13.109807918063707,1.156329391192485,Cats
286,-14.932012473403834,4.898833745805537,Cats
287,-14.932012473403834,4.898833745805537,Cats
288,-14.387156450184854,2.0180586791570985,Cats
289,-14.387156450184854,2.0180586791570985,Cats
290,-15.038275914994571,4.75591821912057,Cats
291,-16.020592543243946,5.319205789658097,Cats
292,-15.038275914994571,4.75591821912057,Cats
293,-13.866342878018676,3.284691631569687,Cats
294,-13.866342878018676,3.284691631569687,Cats
295,-15.347399129756898,3.6662426647404045,Cats
296,-15.347399129756898,3.6662426647404045,Cats
297,-14.990850052816775,1.1065206499376354,Cats
298,-14.990850052816775,1.1065206499376354,Cats
299,-14.289212920893686,3.417304236514763,Cats
300,-14.289212920893686,3.417304236514763,Cats
301,-14.937997366586467,2.8861807404471467,Cats
302,-12.194558032784915,0.6914493425449173,Cats
303,-14.937997366586467,2.8861807404471467,Cats
304,-15.928775121387893,3.9589193919714782,Cats
305,-15.928775121387893,3.9589193919714782,Cats
306,-14.25530595543647,3.5074203565919784,Cats
307,-14.25530595543647,3.5074203565919784,Cats
308,-13.505091652058972,1.2690664156580533,Cats
309,-13.505091652058972,1.2690664156580533,Cats
310,-14.963372562862684,6.144671918987505,Cats
311,-15.90816040057604,3.0535907764913386,Cats
312,-15.90816040057604,3.0535907764913386,Cats
313,-18.75526078008538,3.3584919324157205,Cats
314,-13.774597615048929,2.8224929953760935,Cats
315,-13.774597615048929,2.8224929953760935,Cats
316,-15.55675158020297,3.493509656129441,Cats
317,-15.55675158020297,3.493509656129441,Cats
318,-14.830983653424406,3.6292356700786477,Cats
319,-14.830983653424406,3.6292356700786477,Cats
320,-15.813013047815346,3.213190261790598,Cats
321,-14.513384341809502,2.134676357245255,Cats
322,-14.29867176641463,2.3288126699922,Cats
323,-14.29867176641463,2.3288126699922,Cats
324,-11.93900818515675,4.25122148609554,Cats
325,-14.755763181221361,3.50884652882269,Cats
326,-14.755763181221361,3.50884652882269,Cats
327,-15.24562047741168,1.3217336471624808,Cats
328,-13.807206969709153,4.164455426886242,Cats
329,-13.807206969709153,4.164455426886242,Cats
330,-15.606677744718514,2.089151477314166,Cats
331,-17.097625000434522,4.733375020080177,Cats
332,-13.67323668183015,2.441674328644656,Cats
333,-13.67323668183015,2.441674328644656,Cats
334,-15.629498195593463,3.147406935625292,Cats
335,-14.599057627766573,2.413937581011478,Cats
336,-15.629498195593463,3.147406935625292,Cats
337,-15.043344574687934,3.5505261030620976,Cats
338,-15.043344574687934,3.5505261030620976,Cats
339,-13.217332997745448,2.4807619414255933,Cats
340,-13.217332997745448,2.4807619414255933,Cats
341,-15.528459773827162,3.268696555400413,Cats
342,-15.528459773827162,3.268696555400413,Cats
343,-15.958407455521085,3.2731721599573884,Cats
344,-15.958407455521085,3.2731721599573884,Cats
345,-13.804732156723963,2.3714094298282697,Cats
346,-14.693876852637203,3.3598761550401814,Cats
347,-13.804732156723963,2.3714094298282697,Cats
348,-13.86976231062517,4.281099478020055,Cats
349,-13.86976231062517,4.281099478020055,Cats
350,-15.826291078181821,2.8477679486619376,Cats
351,-15.826291078181821,2.8477679486619376,Cats
352,-14.054788576780304,3.290575078231437,Cats
353,-14.054788576780304,3.290575078231437,Cats
354,-15.361438793166956,3.2683210477989935,Cats
355,-15.361438793166956,3.2683210477989935,Cats
356,-15.296682340088179,3.196496226418577,Cats
357,-15.157998232870384,3.435916408568236,Cats
358,-15.296682340088179,3.196496226418577,Cats
359,-13.923267606379152,3.50135581101112,Cats
360,-13.923267606379152,3.50135581101112,Cats
361,-14.093660740871137,3.292158259839704,Cats
362,-14.093660740871137,3.292158259839704,Cats
363,-16.28961100184983,3.124491489203052,Cats
364,-14.027422215577497,2.484266976535779,Cats
365,-14.370711022221418,2.364682820804079,Cats
366,-14.58241511495002,3.8700003682364112,Cats
367,-15.311351488795921,2.9184293557535144,Cats
368,-16.77310429813869,3.7318221014655473,Cats
369,-14.402499067418182,2.9564245894026406,Cats
370,-14.821348828792258,6.17440797227963,Cats
371,-15.654799274295618,-0.1276040918222323,Cats
372,-14.245411824656452,3.2345703757605673,Cats
373,-14.245411824656452,3.2345703757605673,Cats
374,-14.937538602757693,3.475661192765411,Cats
375,-15.712489111383974,2.5891992365196925,Cats
376,-13.29587036305332,3.1028511431513484,Cats
377,-14.564377751545093,4.981584315461432,Cats
378,-14.580137370345842,2.3350507565565675,Cats
379,-15.481989697885387,1.9454698297386956,Cats
380,-14.408663728618125,3.069452171921468,Cats
381,-14.494672109383071,4.922374001947247,Cats
382,-15.0509519420193,2.7642719004493124,Cats
383,-15.0509519420193,2.7642719004493124,Cats
384,-13.929896496506595,2.192432737382599,Cats
385,-13.929896496506595,2.192432737382599,Cats
386,-14.997617456849452,3.894940308423732,Cats
387,-14.997617456849452,3.894940308423732,Cats
388,-15.39207875871146,2.9778985526723054,Cats
389,-15.39207875871146,2.9778985526723054,Cats
390,-14.339770297387627,2.83714868157006,Cats
391,-14.620915548238244,2.9946857986349826,Cats
392,-14.339770297387627,2.83714868157006,Cats
393,-15.340115241733502,4.012502535866503,Cats
394,-15.340115241733502,4.012502535866503,Cats
395,-13.617751308886227,2.435999806776639,Cats
396,-13.617751308886227,2.435999806776639,Cats
397,-15.883539325114786,2.4208557060794487,Cats
398,-15.883539325114786,2.4208557060794487,Cats
399,-14.389393534426407,5.387967104589293,Cats
400,-14.389393534426407,5.387967104589293,Cats
401,-15.223253816337253,1.8462113971043532,Cats
402,-15.06445303242398,3.657414548494666,Cats
403,-15.223253816337253,1.8462113971043532,Cats
404,-14.590353986238195,3.3624430901324933,Cats
405,-14.590353986238195,3.3624430901324933,Cats
406,-15.089378062556372,3.262343686244037,Cats
407,-15.089378062556372,3.262343686244037,Cats
408,-14.295978539116817,2.865110626811939,Cats
409,-14.295978539116817,2.865110626811939,Cats
410,-14.311591641621948,2.9400488943859377,Cats
411,-14.482943822152611,3.554596723457233,Cats
412,-14.482943822152611,3.554596723457233,Cats
413,-15.06445303242398,3.657414548494666,Cats
414,-14.72635124232437,2.8339170673633185,Cats
415,-14.72635124232437,2.8339170673633185,Cats
416,-15.280277304312813,3.5787163599459486,Cats
417,-16.24367850823151,5.375013689723726,Cats
418,-13.932900811512125,-0.5508225903289894,Cats
419,-12.955068137921968,3.9834617272572785,Cats
420,-15.754364368933002,4.765838595452893,Cats
421,-13.748736022519456,1.5812076151847254,Cats
422,-15.532275319168152,3.544243693898963,Cats
423,-14.550709215677088,3.51167596142504,Cats
424,-13.657653190223861,2.9856091455548057,Cats
425,-15.406521044077346,2.2854968721006386,Cats
426,-15.57785334262527,2.0937038620575064,Cats
427,-13.471937886299953,5.861570812109889,Cats
428,-14.837499080510447,1.0765957922514362,Cats
429,-13.702778507934216,4.265171595922548,Cats
430,-15.922648047922634,3.916030724083967,Cats
431,-15.24217726998695,2.112097036123407,Cats
432,-13.776293851282784,2.922576059869672,Cats
433,-14.85267571536732,4.09001434203602,Cats
434,-13.998632432403507,2.9386617270892996,Cats
435,-13.657653190223861,2.9856091455548057,Cats
436,-15.468305427709995,2.948144326987333,Cats
437,-15.489892000250064,4.531364010556421,Cats
438,-14.171341060271946,0.762753627286572,Cats
439,-14.965156815624564,4.077177148391792,Cats
440,-14.4933788246944,4.5398401799247345,Cats
441,-14.125351215793197,1.4389018168431864,Cats
442,-16.542851571169535,2.0142391867883314,Cats
443,-12.505251854459766,3.526420534543538,Cats
444,-16.79320559251522,5.834979959389333,Cats
445,-13.501200350641463,-0.406640700559759,Cats
446,-15.698786511279824,2.599460261454532,Cats
447,-16.481698938003372,4.544397322643917,Cats
448,-13.61202754801137,3.5538809266600087,Cats
449,-12.644226743575192,4.925005904436961,Cats
450,-14.62388315108166,2.0013038272674386,Cats
451,-16.245177223600315,2.9780437740322085,Cats
452,-15.176498116401527,2.19925047076849,Cats
453,-15.094418264929377,3.6247192829898722,Cats
454,-14.101973869469134,3.0371847390031554,Cats
455,-14.999349942434492,2.8853350701034377,Cats
456,-14.603377176053,2.6999154612337435,Cats
457,-15.698786511279824,2.599460261454532,Cats
458,-15.023318816577532,3.6566512670216103,Cats
459,-14.402928947509398,3.364255610010215,Cats
460,-14.726306332025823,2.699211212562207,Cats
461,-14.713258479955542,3.1136158058781938,Cats
462,-14.870477710590201,4.078446644843307,Cats
463,-14.986467971423128,2.2728341015974607,Cats
464,-14.628257803483052,3.943231903364758,Cats
465,-13.807018379631192,2.626283062969973,Cats
466,-14.994961059440605,3.031499463665557,Cats
467,-14.871390669407118,3.1170724972816215,Cats
468,-14.628077291028454,3.425146387493037,Cats
469,-14.95677288950892,2.6130644522039144,Cats
470,-14.611669486387884,3.962624937878533,Cats
471,-15.2853121072665,4.099006260783744,Cats
472,-15.075936777523394,2.560088759041532,Cats
473,-14.801700226881628,2.8152634988564165,Cats
474,-14.274584389334198,4.005585200648795,Cats
475,-14.638388649511377,2.97965766292387,Cats
476,-15.023216226760066,2.6386597004097787,Cats
477,-14.331642658825665,3.45381591204205,Cats
478,-14.898235662935175,2.1509927751275573,Cats
479,-11.903899608357692,4.435720238149576,Cats
480,-14.628077291028454,3.425146387493037,Cats
481,-14.90521259860325,3.6388275259856195,Cats
482,-14.153898946901595,2.6198268422614923,Cats
483,-14.90736089950342,2.805984058398786,Cats
484,-15.035865171743033,3.7774828196057415,Cats
485,-14.45757304015494,3.464935940748366,Cats
486,-14.554202825466632,2.883279262648265,Cats
487,-15.217441274183676,3.5679960791129273,Cats
488,-14.90975658386817,2.8195919655544337,Cats
489,-14.470705657870969,2.972886550597014,Cats
490,-15.0170473340883,3.4726922755922978,Cats
491,-14.781455916026806,3.2447724239728455,Cats
492,-14.227923435838935,1.6027127341113037,Cats
493,-14.978770113676998,3.751099737563216,Cats
494,-14.601672895732642,2.7760179653892205,Cats
495,-14.476322642089553,3.29861018893836,Cats
496,-14.679673734021344,3.9979231803252357,Cats
497,-14.6910409997115,3.3708939898357198,Cats
498,-16.689906146886564,3.3562177584850668,Cats
499,-13.032446914281147,2.666640538472345,Cats
500,-15.463984448924466,2.4261478072869753,Cats
501,-14.46009522423891,5.048190094396471,Cats
502,-14.781455916026806,3.2447724239728455,Cats
503,-14.258396339106252,2.0655017718618467,Cats
504,-14.325535838061805,3.369762962890867,Cats
505,-15.531991475019367,3.610492148302196,Cats
506,-14.841812131852931,2.881481478229066,Cats
507,-14.52523198837046,3.3873816709635705,Cats
508,-14.450701275332461,1.4577285128646693,Cats
509,-14.988173146512949,4.450087471660794,Cats
510,-14.950826220670002,4.125621844582003,Cats
511,-14.153913561703781,2.77012697474742,Cats
512,-14.157890232192294,2.5305984784200177,Cats
513,-14.487307793841389,2.6697100012269153,Cats
514,-13.992071910185121,3.4908282445803387,Cats
515,-15.345053604617814,3.460407128235687,Cats
516,-14.714952081108649,2.182752910881023,Cats
517,-15.006151495033068,3.2170436765293164,Cats
518,-14.828362747501881,2.7193307648350142,Cats
519,-15.697049630045745,3.5263014423312224,Cats
520,-14.751738179345741,3.248740423932322,Cats
521,-12.49416280255247,2.416805047563882,Cats
522,-16.75421168305578,5.036243218608719,Cats
523,-14.191369738628893,2.403550506125189,Cats
524,-14.487307793841389,2.6697100012269153,Cats
525,-15.222357591674694,2.747931973513026,Cats
526,-15.09484258335786,3.412895277516075,Cats
527,-14.412647450927489,4.234537095359846,Cats
528,-15.200042863923475,3.435908860103785,Cats
529,-15.214057652010432,2.407207883947569,Cats
530,-14.428396239667205,3.0221812328095474,Cats
531,-14.764267833885768,2.8761704090553977,Cats
532,-14.861718356488538,2.703230467021509,Cats
533,-15.11446833458572,4.007485721714723,Cats
534,-14.092578680567188,3.1655354955156625,Cats
535,-15.544265735622524,4.388850218103605,Cats
536,-15.095102114516026,2.2510690491867145,Cats
537,-15.195679129225214,3.0955549841133987,Cats
538,-14.051524522418141,3.86296734297318,Cats
539,-14.512241514803979,3.263167806511243,Cats
540,-15.02849399115572,2.9353971423722953,Cats
541,-15.717627978677355,2.591309668554608,Cats
542,-13.766124108692157,4.705390521745079,Cats
543,-14.541154022279363,2.429977257998873,Cats
544,-14.559910996910286,3.142144171617261,Cats
545,-14.540199090768484,3.6772922715032106,Cats
546,-14.563222548297777,3.677269906498874,Cats
547,-16.277369105170838,2.0879965941836893,Cats
548,-13.647090450219356,4.1385240213412064,Cats
549,-13.870837285329557,2.4460356339945992,Cats
550,-16.825694791134026,2.928310462966257,Cats
551,-12.977593106780326,4.335231729070586,Cats
552,-15.661949298363659,3.5269093593798932,Cats
553,-14.978910704306948,1.8314861232588049,Cats
554,-14.515078967848298,2.823620828751359,Cats
555,-13.499024790857188,2.8296555817283373,Cats
556,-15.803450400899061,3.5274784472235385,Cats
557,-13.724227669202975,2.2552864371690724,Cats
558,-14.622676684635268,3.0555898805618025,Cats
559,-14.400447121500036,2.5832105536092733,Cats
560,-14.476856703224094,3.5144837052783187,Cats
561,-15.045917868737224,3.9460633124384152,Cats
562,-14.759720824424626,2.1257355805635996,Cats
563,-15.641689574255258,3.1426773298104873,Cats
564,-13.725612475648031,3.366777891989061,Cats
565,-15.340739061860186,2.3556844230185536,Cats
566,-15.213054272718683,4.131472390450369,Cats
567,-14.197853377263606,2.296446397035245,Cats
568,-15.030321867573662,4.661764254956485,Cats
569,-14.53357987350832,3.2782891127309184,Cats
570,-15.342535842663011,3.898832166314702,Cats
571,-15.270158091989828,2.3109064427891983,Cats
572,-14.565526190628002,2.8938413523515187,Cats
573,-15.155011417865223,4.0117839399704724,Cats
574,-13.679436302096928,3.5524850925056644,Cats
575,-14.605479506906091,2.712137505387238,Cats
576,-14.948731888695285,3.130979039080981,Cats
577,-14.715581562865825,3.668393767282069,Cats
578,-14.989620731118396,3.3341464570957817,Cats
579,-14.589464784035105,2.2771698336511825,Cats
580,-14.387007294404135,3.652405808268901,Cats
581,-14.534496800197722,2.844160944177613,Cats
582,-15.074023253726105,2.6055278459482425,Cats
583,-14.505541775619648,3.1047831855091212,Cats
584,-14.808235931380743,3.1644246164449354,Cats
585,-14.498312836637567,3.004776547621754,Cats
586,-15.10503101498599,3.0137340596983786,Cats
587,-14.304653003369916,3.595681516703883,Cats
588,-15.333605860970817,2.8685063121093854,Cats
589,-12.990840317107082,3.39499934193919,Cats
590,-15.672889626654877,1.2142036565521042,Cats
591,-15.210993913796045,4.248439515839906,Cats
592,-15.883356810693805,4.125000039990503,Cats
593,-15.023992817271864,2.6086536092601422,Cats
594,-13.697441654206353,1.7172624988866598,Cats
595,-14.296784538257437,3.8574784018057464,Cats
596,-14.296784538257437,3.8574784018057464,Cats
597,-16.225237043606718,3.203803728249593,Cats
598,-14.9245851754899,5.2693489177568,Cats
599,-14.7531425611597,-0.1756748491100577,Cats
600,-16.05788534149238,0.5862541207670775,Cats
601,-14.572990726336757,4.520501561205721,Cats
602,-15.541639928880619,1.0836016831576316,Cats
603,-14.572990726336757,4.520501561205721,Cats
604,-11.924946349569861,5.3172727645567575,Cats
605,-15.867897416984476,1.468797048736688,Cats
606,-15.257788561366974,3.867518536325216,Cats
607,-15.257788561366974,3.867518536325216,Cats
608,-14.46150452027097,1.4998400325050625,Cats
609,-13.9738550888407,2.74476387086316,Cats
610,-14.517964700950635,4.144122014302592,Cats
611,-16.38492508563499,2.965983441116343,Cats
612,-13.935746833219142,2.895004777993084,Cats
613,-14.076509164026191,3.250965937299852,Cats
614,-15.489858261092595,3.665666033494281,Cats
615,-13.657442510666256,2.672715826636825,Cats
616,-14.72363029584934,3.466800568514236,Cats
617,-14.747125710440002,2.623120731054427,Cats
618,-14.489057361035181,3.246397411659437,Cats
619,-14.409969126102707,2.9502176744598723,Cats
620,-14.416249760744751,2.5539421710030235,Cats
621,-15.006536302582067,3.6859966611402495,Cats
622,-15.190893823462774,2.8093256252002288,Cats
623,-14.711913014852154,4.031550552242189,Cats
624,-14.076509164026191,3.250965937299852,Cats
625,-15.953241641921675,2.622831031156694,Cats
626,-13.828372810563478,2.8975798678525955,Cats
627,-13.482444910479217,3.004875198566907,Cats
628,-15.950007215238672,3.9818886716746418,Cats
629,-14.26929511988378,3.239764185369344,Cats
630,-14.94888168434891,3.047545861522377,Cats
631,-14.148340587324109,0.020391299935081708,Cats
632,-17.150455779662558,6.024985491089973,Cats
633,-12.033564502475127,1.6403943179518752,Cats
634,-16.055552316097636,3.5210318009346313,Cats
635,-15.340640711823502,2.890178712189801,Cats
636,-14.23280629863269,3.263372043536104,Cats
637,-16.279396289432494,2.6477972107533203,Cats
638,-14.287853802276054,4.396501917207901,Cats
639,-14.816130843726603,2.4926688668993204,Cats
640,-14.507633729603473,4.593164501061715,Cats
641,-14.649787923149349,3.8394538935541505,Cats
642,-14.578401000823291,1.92264742212204,Cats
643,-14.551208822340946,2.9287500209890176,Cats
644,-14.657565225864488,2.915158924482821,Cats
645,-13.836038886878406,3.0945903274686337,Cats
646,-15.340640711823502,2.890178712189801,Cats
647,-15.418193726425606,3.001635177362356,Cats
648,-14.597536417309819,3.3117785576600127,Cats
649,-14.763306252069977,3.2671740423635454,Cats
650,-14.793368375035662,3.1269280915910533,Cats
651,-14.357841869066664,3.1076801648838535,Cats
652,-15.373158133748866,2.8746887616845873,Cats
653,-14.196976039573377,3.4044852628982007,Cats
654,-14.710595134466349,3.2686605799365043,Cats
655,-14.85052244443328,2.9455324713506013,Cats
656,-14.85052244443328,2.9455324713506013,Cats
657,-13.809464633334223,3.93223281628136,Cats
658,-14.523806814377556,3.4073390466308613,Cats
659,-14.523806814377556,3.4073390466308613,Cats
660,-14.824471829702592,2.8524833513048726,Cats
661,-14.824471829702592,2.8524833513048726,Cats
662,-14.814125376108553,3.3024461304806305,Cats
663,-14.814125376108553,3.3024461304806305,Cats
664,-14.574497117517993,2.952526821600152,Cats
665,-14.574497117517993,2.952526821600152,Cats
666,-15.358097080961139,3.2916346301960466,Cats
667,-14.785529852518865,3.29031359515068,Cats
668,-13.809464633334223,3.93223281628136,Cats
669,-14.51363249815839,3.0556369120357942,Cats
670,-14.51363249815839,3.0556369120357942,Cats
671,-14.776244817521288,3.661940552778198,Cats
672,-15.284787074487111,3.730836600618442,Cats
673,-14.51497064745285,2.8623439496116756,Cats
674,-14.150934215701595,3.280266505132002,Cats
675,-14.985883462332014,2.1675279866724964,Cats
676,-14.683576691802148,3.293372412411216,Cats
677,-14.683576691802148,3.293372412411216,Cats
678,-14.808469710013405,2.735637649915633,Cats
679,-15.630412381859689,3.016994472980675,Cats
680,-14.808469710013405,2.735637649915633,Cats
681,-14.993392279564622,3.7226885244741137,Cats
682,-14.661289742327122,2.301747000641061,Cats
683,-14.966110528420003,3.8152971447994624,Cats
684,-14.966110528420003,3.8152971447994624,Cats
685,-14.478644206638382,2.8732990855599496,Cats
686,-14.628864485961444,3.330246920579068,Cats
687,-14.628864485961444,3.330246920579068,Cats
688,-15.074540597455034,2.8654314001815244,Cats
689,-15.074540597455034,2.8654314001815244,Cats
690,-15.630412381859689,3.016994472980675,Cats
691,-14.481002329894306,3.291858060355297,Cats
692,-14.481002329894306,3.291858060355297,Cats
693,-15.3361177208902,3.1816899766134847,Cats
694,-15.3361177208902,3.1816899766134847,Cats
695,-14.387848991083082,2.9325807587894452,Cats
696,-14.387848991083082,2.9325807587894452,Cats
697,-14.930072930966755,3.512704464613151,Cats
698,-14.583262125179333,3.219854662348549,Cats
699,-14.583262125179333,3.219854662348549,Cats
700,-14.730609529810856,2.9218314054676044,Cats
701,-14.333521563510656,3.859052474491542,Cats
702,-14.524974024696826,2.368034203844873,Cats
703,-14.730609529810856,2.9218314054676044,Cats
704,-14.48945222229851,3.204692018977663,Cats
705,-14.48945222229851,3.204692018977663,Cats
706,-14.713841099034878,3.5644566984905666,Cats
707,-14.713841099034878,3.5644566984905666,Cats
708,-14.692920702682034,2.822803276357411,Cats
709,-14.692920702682034,2.822803276357411,Cats
710,-14.720935013941247,2.9441407024122777,Cats
711,-15.407322942497931,3.092890910993365,Cats
712,-14.389602962403128,3.160017539664155,Cats
713,-14.524974024696826,2.368034203844873,Cats
714,-14.791927836943014,3.3617576092658634,Cats
715,-14.791927836943014,3.3617576092658634,Cats
716,-15.25036106504196,3.0455546943183958,Cats
717,-15.25036106504196,3.0455546943183958,Cats
718,-14.375277697724536,3.140205526164962,Cats
719,-14.375277697724536,3.140205526164962,Cats
720,-15.224914242159915,3.2080321779159595,Cats
721,-13.897248862535719,3.7654963513521373,Cats
722,-15.245414870836264,2.5060857849344753,Cats
723,-14.878401268908377,2.8011684689248124,Cats
724,-14.900506551096097,3.2599894344608065,Cats
725,-14.821633554100735,3.269663552356521,Cats
726,-14.492025586096666,3.2479866619432407,Cats
727,-14.841054731622357,2.953224664160519,Cats
728,-14.841054731622357,2.953224664160519,Cats
729,-14.7034235663493,3.296397545475231,Cats
730,-14.56816380552107,2.9550816469600525,Cats
731,-14.853988331860307,3.23490547695249,Cats
732,-14.853988331860307,3.23490547695249,Cats
733,-14.673892843896184,2.4584650218787605,Cats
734,-14.673892843896184,2.4584650218787605,Cats
735,-14.900506551096097,3.2599894344608065,Cats
736,-14.512275251539569,3.7514857853204138,Cats
737,-14.512275251539569,3.7514857853204138,Cats
738,-14.878510472807687,2.767790186390638,Cats
739,-14.878510472807687,2.767790186390638,Cats
740,-15.057083805759529,3.82255636397659,Cats
741,-14.634229199467605,3.902542442909212,Cats
742,-14.541232379286647,2.831136162723041,Cats
743,-15.14480074691252,3.7897119748759174,Cats
744,-15.14480074691252,3.7897119748759174,Cats
745,-14.48024537116176,2.1387395176889914,Cats
746,-15.204519854329298,4.0744043842302835,Cats
747,-14.48024537116176,2.1387395176889914,Cats
748,-14.72658750819803,2.6699924549752776,Cats
749,-14.72658750819803,2.6699924549752776,Cats
750,-14.981977696435226,4.241195549840569,Cats
751,-14.981977696435226,4.241195549840569,Cats
752,-14.804780838881861,2.9224939072273326,Cats
753,-14.804780838881861,2.9224939072273326,Cats
754,-14.67207655194351,4.240965434749135,Cats
755,-14.67207655194351,4.240965434749135,Cats
756,-14.640514044060888,2.526409069868807,Cats
757,-15.204519854329298,4.0744043842302835,Cats
758,-14.640514044060888,2.526409069868807,Cats
759,-14.91004099668124,2.6566336616536326,Cats
760,-14.91004099668124,2.6566336616536326,Cats
761,-14.612230027586524,3.877370148077288,Cats
762,-14.612230027586524,3.877370148077288,Cats
763,-13.511982703677194,2.5510618436402046,Cats
764,-13.511982703677194,2.5510618436402046,Cats
765,-16.42893670697002,2.6563013235440103,Cats
766,-16.42893670697002,2.6563013235440103,Cats
767,-14.439722311190911,3.0268970829757365,Cats
768,-14.440850756324757,2.408103908146548,Cats
769,-14.439722311190911,3.0268970829757365,Cats
770,-14.3576481974548,3.0458866380179908,Cats
771,-14.3576481974548,3.0458866380179908,Cats
772,-14.86254924791633,3.4366685657567464,Cats
773,-14.86254924791633,3.4366685657567464,Cats
774,-15.28097780196592,3.3523527374377666,Cats
775,-14.398298500517994,3.0578607931430657,Cats
776,-14.398298500517994,3.0578607931430657,Cats
777,-15.067421794986927,3.251259498800253,Cats
778,-15.067421794986927,3.251259498800253,Cats
779,-14.440850756324757,2.408103908146548,Cats
780,-14.311183211743838,2.9100773780025704,Cats
781,-14.311183211743838,2.9100773780025704,Cats
782,-15.111856115006358,3.4072887181153146,Cats
783,-15.111856115006358,3.4072887181153146,Cats
784,-14.478463693183457,3.075532768604875,Cats
785,-14.478463693183457,3.075532768604875,Cats
786,-15.116609157952169,3.1212886087615224,Cats
787,-15.116609157952169,3.1212886087615224,Cats
788,-13.941955669874343,2.9765902874228045,Cats
789,-15.815465353228875,4.785251952845945,Cats
790,-14.937941253421204,3.923250411228519,Cats
791,-13.838357197529524,1.9795591275248805,Cats
792,-15.322297733800593,2.3583816908037605,Cats
793,-16.737465381469036,4.7517437085683,Cats
794,-11.757719343349319,2.8414983584330473,Cats
795,-16.732016835514933,4.296576535608972,Cats
796,-12.8302862397767,2.656806689113676,Cats
797,-14.248109939996802,0.9932243877926767,Cats
798,-17.675267661103618,4.58486724304804,Cats
799,-11.495887431690633,3.835341847708255,Cats
800,-14.286649692840928,1.1387958869590469,Cats
801,-14.937941253421204,3.923250411228519,Cats
802,-15.956023367939336,2.8339577307222488,Cats
803,-14.353977930035054,3.6648954418817623,Cats
804,-14.084827969863536,2.5732749435434012,Cats
805,-14.084827969863536,2.5732749435434012,Cats
806,-15.327138889438334,6.905164527722537,Cats
807,-14.140599906633014,0.726065265168843,Cats
808,-13.54645128845987,8.495259872402933,Cats
809,-15.803050596569646,-1.3815465565612455,Cats
810,-16.48635660475994,3.416495560124795,Cats
811,-15.9382806377943,4.920743523437418,Cats
812,-12.96961191338139,4.410249786155084,Cats
813,-14.093651309917322,2.7685797493583584,Cats
814,-15.629085384485506,1.473909440948245,Cats
815,-13.023951051587318,3.9894389717481196,Cats
816,-16.431965982391016,3.192929045608374,Cats
817,-14.411360573948016,1.4556717831050343,Cats
818,-14.965219558659129,3.309909085357873,Cats
819,-13.476506959209322,2.195366506882694,Cats
820,-15.7271260106527,5.791040812181693,Cats
821,-13.573181845598734,1.2842543227146046,Cats
822,-16.05072948882413,3.2708664574785047,Cats
823,-10.885717096372126,3.117055238800631,Cats
824,-14.093651309917322,2.7685797493583584,Cats
825,-16.37192134570732,2.216591289492844,Cats
826,-14.895961811645769,3.7561340393490497,Cats
827,-15.814499606450337,4.086542082472085,Cats
828,-14.374563711827614,2.783536320867546,Cats
829,-14.833817198011522,2.736170485650046,Cats
830,-14.67361672606837,2.9911204762735615,Cats
831,-14.39608923605087,4.4973246674027365,Cats
832,-15.188541542870498,3.4155114307530923,Cats
833,-14.64024800040453,2.731132666436938,Cats
834,-14.826370309988306,2.7779319767536563,Cats
835,-15.032988784100848,3.3024046174701556,Cats
836,-14.709071307038917,2.806527051556248,Cats
837,-14.904721263652227,3.6306845095957634,Cats
838,-14.109284614950353,3.4042776689607788,Cats
839,-14.991560441346097,3.0129792779631313,Cats
840,-14.846958338868891,3.397527339165638,Cats
841,-14.542103644808916,1.602564768474922,Cats
842,-14.928049421931362,3.3508945228141833,Cats
843,-14.737087410776223,3.5872833436563676,Cats
844,-14.658040253785499,4.038706615385316,Cats
845,-14.071446481690574,1.0481997017857498,Cats
846,-15.032988784100848,3.3024046174701556,Cats
847,-15.711190659206883,3.6737061859173625,Cats
848,-13.658110859324982,3.9014663155187654,Cats
849,-14.691673403155239,2.7088047349780005,Cats
850,-16.01476799610127,3.2381858718876777,Cats
851,-14.809587249349796,3.1635214426168954,Cats
852,-14.826674692141816,3.149852101119105,Cats
853,-13.59151308849044,3.290683360980511,Cats
854,-15.647285381266151,3.395146011088361,Cats
855,-14.990390720285657,2.6007639161788525,Cats
856,-13.983611322500945,4.227534721891775,Cats
857,-14.53379984386337,2.985684957356107,Cats
858,-14.472180335913386,2.9070376181616204,Cats
859,-15.10374754375137,3.0579812489422036,Cats
860,-14.329456634154194,2.6822256927725747,Cats
861,-14.741009406776758,3.810448480793519,Cats
862,-14.410521694764437,3.5051437677751824,Cats
863,-14.692132910654083,2.7552360595490253,Cats
864,-14.973567791188742,3.495230028761954,Cats
865,-14.795721533840396,3.3505566479767026,Cats
866,-14.133583509030846,3.0413412532491613,Cats
867,-14.53379984386337,2.985684957356107,Cats
868,-15.019822182150957,2.8334404079789977,Cats
869,-14.627267061714372,3.1621005869968357,Cats
870,-14.71095948059709,3.188161666300326,Cats
871,-14.913191365375006,3.035317539180487,Cats
872,-14.661121220394811,3.024984256765041,Cats
873,-14.874062940509162,2.9684531144050217,Cats
874,-14.874062940509162,2.9684531144050217,Cats
875,-14.285127697079158,2.968418755436919,Cats
876,-14.285127697079158,2.968418755436919,Cats
877,-18.20916754194402,1.6302322883368783,Cats
878,-15.841898608933494,2.9624685024024444,Cats
879,-15.841898608933494,2.9624685024024444,Cats
880,-13.98791286607452,3.563036641719864,Cats
881,-13.98791286607452,3.563036641719864,Cats
882,-15.288207459593258,2.5570254246605644,Cats
883,-15.288207459593258,2.5570254246605644,Cats
884,-14.478153662100418,4.1669518452972065,Cats
885,-14.478153662100418,4.1669518452972065,Cats
886,-14.954881070682626,2.422425917131519,Cats
887,-14.954881070682626,2.422425917131519,Cats
888,-14.778932811238349,2.6482932727247612,Cats
889,58.942289973400236,-89.04862447655401,Lilou
890,58.55762801163013,-88.39362353946332,Lilou
891,59.09396546444499,-89.39648280909817,Lilou
892,58.9995083512795,-88.51609378755697,Lilou
893,58.777534544319856,-88.87742944955959,Lilou
894,58.829737111077044,-89.27970801598711,Lilou
895,58.66434177360609,-88.72308153429843,Lilou
896,59.07302346843138,-89.06774177817243,Lilou
897,58.80035716399986,-88.98268857509711,Lilou
898,58.76304692557083,-89.0236109458922,Lilou
899,59.091926101695655,-88.96611603527134,Lilou
900,59.07668547183097,-88.96644819790211,Lilou
901,58.77011649022778,-88.64747871559382,Lilou
902,59.1301220741236,-88.86347478252534,Lilou
903,58.76004350827151,-89.4225837462957,Lilou
904,58.85725059192857,-89.60419551763586,Lilou
905,59.0986318116089,-88.9379534506285,Lilou
906,59.15408772351173,-89.32438721756043,Lilou
907,58.47992847297671,-89.4243147317151,Lilou
908,59.17772459172866,-88.9761587281164,Lilou
909,59.18346582731547,-89.21855016805218,Lilou
910,59.015997694591654,-89.02192474589756,Lilou
911,58.92461388096753,-89.2045932696482,Lilou
912,58.78309673517973,-89.0211469167629,Lilou
913,59.391593526655015,-89.81697710951377,Lilou
914,58.96988488187425,-89.37620777898607,Lilou
915,58.90012706793576,-89.3783031681448,Lilou
916,58.77204480367062,-88.85816644606564,Lilou
917,58.45107615891749,-89.16995372661734,Lilou
918,59.21030166602391,-88.99922368774033,Lilou
919,58.73749696073128,-89.48492058049482,Lilou
920,59.01052395702487,-89.26134250499585,Lilou
921,59.18408025093527,-89.33713018279684,Lilou
922,59.36392957038191,-88.97204171399775,Lilou
923,58.57135971584738,-89.2688295263778,Lilou
924,59.044518875575406,-89.62075951729695,Lilou
925,59.05089871432928,-89.1833066120174,Lilou
926,59.49162148454854,-88.53874122646144,Lilou
927,58.5790359641988,-89.7425660769375,Lilou
928,58.6950379330807,-89.06540641046635,Lilou
929,58.998876825153154,-89.3819673708873,Lilou
930,59.13177271559806,-88.69505497872274,Lilou
931,59.10533995694792,-89.7256771622367,Lilou
932,59.4143269948953,-89.36008497819114,Lilou
933,58.85124474098551,-89.47657618449878,Lilou
934,59.031166345151036,-89.06229494970589,Lilou
935,58.99374683266123,-89.16658403045281,Lilou
936,58.760592870701075,-89.26856107263023,Lilou
937,59.27940411825598,-88.83270772968544,Lilou
938,58.65817025981012,-89.10670451951817,Lilou
939,58.82617523631066,-89.02028880242872,Lilou
940,59.20708449312242,-89.21634160789895,Lilou
941,58.63555002493746,-89.47719132934482,Lilou
942,59.258907347527895,-88.91308343802031,Lilou
943,59.233711995656336,-89.30768842592452,Lilou
944,58.72809187413154,-90.09423885988764,Lilou
945,59.10887744868121,-88.93208516862546,Lilou
946,59.266154216018904,-89.363192355046,Lilou
947,58.92205346299233,-88.34340623200707,Lilou
948,58.93726014093842,-89.34898539099399,Lilou
949,58.49160186013286,-88.94082700166165,Lilou
950,58.7776425173343,-89.2911657764112,Lilou
951,58.7776425173343,-89.2911657764112,Lilou
952,59.05279116932908,-88.94583137677608,Lilou
953,59.490377775871345,-90.15356145057663,Lilou
954,58.846966910600784,-88.86699023197352,Lilou
955,59.03976951298779,-89.11263632970811,Lilou
956,58.251521216028706,-88.71804631810447,Lilou
957,58.5529901294572,-90.61979784106425,Lilou
958,60.18321192747385,-88.66225531787988,Lilou
959,59.30991624007386,-88.8120793880729,Lilou
960,117.26905425996608,46.48881895833246,Reglisse
961,116.90564553710787,46.52122898749383,Reglisse
962,117.55199164911639,46.52529770312609,Reglisse
963,117.09423670980811,46.66637290281305,Reglisse
964,117.17837908428183,46.49309905145814,Reglisse
965,117.26349896757883,46.40897233246888,Reglisse
966,116.92801421853211,46.107391429070105,Reglisse
967,117.0469858752412,45.94057955166207,Reglisse
968,117.34461918109349,46.48900334497761,Reglisse
969,117.09022986245604,46.50446598792084,Reglisse
970,117.4759817990892,46.0145592331559,Reglisse
971,117.19061744494823,46.38158041684506,Reglisse
972,117.37832507061617,46.41267116263613,Reglisse
973,116.99756386253136,46.17526410189883,Reglisse
974,117.14897912338719,46.06825037427539,Reglisse
975,117.15379954664023,46.46613233546883,Reglisse
976,117.04673763911876,46.28934807635886,Reglisse
977,116.55886323773724,45.66022237692368,Reglisse
978,117.65432146043176,46.547349702956964,Reglisse
979,118.31045215123667,45.96269166093778,Reglisse
980,117.25869501650514,46.2267793366255,Reglisse
981,117.00831062198591,47.14728220507304,Reglisse
982,117.63674692750774,46.502079289422646,Reglisse
983,117.19933962182321,46.1477936881663,Reglisse
984,117.22825119802751,46.836913054276124,Reglisse
985,117.37260948832227,46.42532744860655,Reglisse
986,117.04717649977091,45.84279169195112,Reglisse
987,117.14740454331186,46.62705796621113,Reglisse
988,118.21422881354985,46.39934158725994,Reglisse
989,117.41367082539253,48.01284755566286,Reglisse
990,117.76901500395068,47.173830997617074,Reglisse
991,116.58826305957535,46.25276186694878,Reglisse
992,117.91986536821972,46.55234333887359,Reglisse
993,116.80461366013226,46.34861163053295,Reglisse
994,117.58040946579126,47.738937590174736,Reglisse
995,117.29263131163486,45.55815484782801,Reglisse
996,116.83503805908134,46.86478357913921,Reglisse
997,118.25320317639411,46.46139399179151,Reglisse
998,117.48646192194609,46.514663496442694,Reglisse
999,117.35115733108903,46.31934813251828,Reglisse
1000,117.46189179987499,45.17588687060527,Reglisse
1001,117.64365079055818,46.586442519645516,Reglisse
1002,117.17202484744328,46.3212051779292,Reglisse
1003,117.80754415387275,45.65131650194129,Reglisse
1004,117.04068929873779,47.60328909651149,Reglisse
1005,117.6515868367527,46.09848702818615,Reglisse
1006,116.67148160952695,46.77740549251071,Reglisse
1007,117.75722813400539,46.367763237759156,Reglisse
1008,117.79275249978974,46.78202916803047,Reglisse
1009,117.15469364150455,46.08237295296071,Reglisse
1010,116.4709343810733,47.51720208530259,Reglisse
1011,116.94480934651588,46.334428438657255,Reglisse
1012,117.4216570920155,45.47383740439138,Reglisse
1013,117.62818737032714,47.577730127734014,Reglisse
1014,117.62818737032714,47.577730127734014,Reglisse
1015,118.00214906328509,46.29232080295687,Reglisse
1016,118.00214906328509,46.29232080295687,Reglisse
1017,116.96015013234486,44.636754320289675,Reglisse
1018,116.96015013234486,44.636754320289675,Reglisse
1019,117.82430321166713,51.63728008094115,Reglisse
1020,116.14465044539266,43.967356960102535,Reglisse
1021,116.99170592464642,46.74585221628084,Reglisse
1022,117.0435936666901,47.03188258252454,Reglisse
1023,119.16778104692024,45.64244526986012,Reglisse
1024,117.2536621840159,47.02035122380221,Reglisse
1025,116.40853111192308,47.59477310988015,Reglisse
1026,117.97712313814549,46.43279178058197,Reglisse
1027,116.88995625067211,47.38374738272672,Reglisse
1028,117.63393359128133,45.3628486075758,Reglisse
1029,117.07363599732173,47.46893361836932,Reglisse
1030,117.71786493969799,46.65239818137671,Reglisse
1031,117.80514458758807,47.03336475448637,Reglisse
1032,116.61162986815707,46.00861083068548,Reglisse
1033,117.51424079858661,46.88288554460743,Reglisse
1034,116.67855607142235,46.013057520580716,Reglisse
1035,117.22874540861022,46.47957779939048,Reglisse
